<?xml version="1.0" encoding="UTF-8"?>
<beans xmlns="http://www.springframework.org/schema/beans"
     xmlns:xsi="http://www.w3.org/2001/XMLSchema-instance"
     xmlns:context="http://www.springframework.org/schema/context"
     xmlns:tx="http://www.springframework.org/schema/tx"
     xmlns:aop="http://www.springframework.org/schema/aop"
     xsi:schemaLocation="http://www.springframework.org/schema/beans
        http://www.springframework.org/schema/beans/spring-beans.xsd
        http://www.springframework.org/schema/context
        http://www.springframework.org/schema/context/spring-context.xsd
        http://www.springframework.org/schema/tx
       	http://www.springframework.org/schema/tx/spring-tx.xsd
       	http://www.springframework.org/schema/aop 
       	http://www.springframework.org/schema/aop/spring-aop.xsd">


	<!-- 引用数据库配置文件 -->
	<context:property-placeholder location="classpath:jdbc.properties" />
	
	<!-- 配置数据源 -使用c3p0连接池 -->
	<bean id="dataSource" class="com.mchange.v2.c3p0.ComboPooledDataSource" destroy-method="close">
		<property name="driverClass" value="${jdbc.driver}" /><!-- 数据库驱动 -->
		<property name="jdbcUrl" value="${jdbc.url}?useSSL=false" /> <!-- 连接URL -->
		<property name="user" value="${jdbc.username}" /> <!-- 数据库用户名 -->
		<property name="password" value="${jdbc.password}" /> <!-- 数据库密码 -->
		<!-- c3p0连接池参数配置 -->
        <property name="initialPoolSize" value="3" /><!-- 初始化连接数 -->
        <property name="minPoolSize" value="2" /><!-- 最小连接数 -->
        <property name="maxPoolSize" value="10" /><!-- 连接池中保留的最大连接数 -->
		<property name="maxIdleTime" value="28000" /><!-- 连接的过期时间(秒) -->
        <property name="idleConnectionTestPeriod" value="3600" /><!-- 检查连接池中的空闲连接间隔时间(秒) -->
	</bean>


	<!-- 配置hibernate - sessionFactory -->
	<bean id="sessionFactory" class="org.springframework.orm.hibernate5.LocalSessionFactoryBean">
		<property name="dataSource" ref="dataSource" />
		<!-- 实体类所在的包 对包中每个类进行注解扫描 省去逐一配置-->
		<property name="packagesToScan">
			<list><value>com.entity</value></list>
		</property>
		<!-- 配置Hibernate属性-->
		<property name="hibernateProperties">
			<props>
				<prop key="hibernate.show_sql">false</prop><!-- 是否打印sql语句 -->
				<prop key="hibernate.dialect">org.hibernate.dialect.MySQLDialect</prop><!-- 数据库方言 -->
				<prop key="hibernate.id.new_generator_mappings">false</prop><!-- hibernate主键生成器 5.0版本后默认true -->
			</props>
		</property>
	</bean>


	<!-- 配置hibernate事务管理器 -->
  	<bean id="transactionManager" class="org.springframework.orm.hibernate5.HibernateTransactionManager">
    	<property name="sessionFactory" ref="sessionFactory"/>
  	</bean>

	<!-- 使用注解-注册事务管理类或方法 -->
	<tx:annotation-driven transaction-manager="transactionManager"/>


</beans> 